{"desktopweb":{"platform":"desktopweb","indexjl":"js","appName":"EvaluationPortal","buildWar":"false","librarymode":"css","devicemessage":"Unknown Error Occurred <br/> Contact System Admin","deviceexception":"This device is currently not supported","importjsfiles":[],"defaultLocale":"en","default_locale":"en","locales":"[\"en\"]","javascripterrormsg":"To use this site, first enable your browser's JavaScript support and then refresh this page.","favicon":"favicon.ico","apptitle":"Evaluation Portal","version":"1.0.0","category":"desktopweb/","bgcolor":"#ffffff","cssLazyLoad":true,"customFontsList":["FontAwesome","Lato-Black","Lato-BlackItalic","Lato-Bold","Lato-BoldItalic","Lato-Hairline","Lato-HairlineItalic","Lato-Heavy","Lato-HeavyItalic","Lato-Italic","Lato-Light","Lato-LightItalic","Lato-Medium","Lato-MediumItalic","Lato-Regular","Lato-Semibold","Lato-SemiboldItalic","Lato-Thin","Lato-ThinItalic","Montserrat-Black","Montserrat-BlackItalic","Montserrat-Bold","Montserrat-BoldItalic","Montserrat-ExtraBold","Montserrat-ExtraBoldItalic","Montserrat-ExtraLight","Montserrat-ExtraLightItalic","Montserrat-Italic-VariableFont_wght","Montserrat-Italic","Montserrat-Light","Montserrat-LightItalic","Montserrat-Medium","Montserrat-MediumItalic","Montserrat-Regular","Montserrat-SemiBold","Montserrat-SemiBoldItalic","Montserrat-Thin","Montserrat-ThinItalic","Montserrat-VariableFont_wght","Roboto-Bold","Roboto-Medium","Roboto-Regular"],"customFontsUrlList":["url('desktopweb/FontAwesome.ttf'), url('desktopweb/FontAwesome.eot')","url('desktopweb/Lato-Black.ttf'), url('desktopweb/Lato-Black.eot')","url('desktopweb/Lato-BlackItalic.ttf'), url('desktopweb/Lato-BlackItalic.eot')","url('desktopweb/Lato-Bold.ttf'), url('desktopweb/Lato-Bold.eot')","url('desktopweb/Lato-BoldItalic.ttf'), url('desktopweb/Lato-BoldItalic.eot')","url('desktopweb/Lato-Hairline.ttf'), url('desktopweb/Lato-Hairline.eot')","url('desktopweb/Lato-HairlineItalic.ttf'), url('desktopweb/Lato-HairlineItalic.eot')","url('desktopweb/Lato-Heavy.ttf'), url('desktopweb/Lato-Heavy.eot')","url('desktopweb/Lato-HeavyItalic.ttf'), url('desktopweb/Lato-HeavyItalic.eot')","url('desktopweb/Lato-Italic.ttf'), url('desktopweb/Lato-Italic.eot')","url('desktopweb/Lato-Light.ttf'), url('desktopweb/Lato-Light.eot')","url('desktopweb/Lato-LightItalic.ttf'), url('desktopweb/Lato-LightItalic.eot')","url('desktopweb/Lato-Medium.ttf'), url('desktopweb/Lato-Medium.eot')","url('desktopweb/Lato-MediumItalic.ttf'), url('desktopweb/Lato-MediumItalic.eot')","url('desktopweb/Lato-Regular.ttf'), url('desktopweb/Lato-Regular.eot')","url('desktopweb/Lato-Semibold.ttf'), url('desktopweb/Lato-Semibold.eot')","url('desktopweb/Lato-SemiboldItalic.ttf'), url('desktopweb/Lato-SemiboldItalic.eot')","url('desktopweb/Lato-Thin.ttf'), url('desktopweb/Lato-Thin.eot')","url('desktopweb/Lato-ThinItalic.ttf'), url('desktopweb/Lato-ThinItalic.eot')","url('desktopweb/Montserrat-Black.ttf'), url('desktopweb/Montserrat-Black.eot')","url('desktopweb/Montserrat-BlackItalic.ttf'), url('desktopweb/Montserrat-BlackItalic.eot')","url('desktopweb/Montserrat-Bold.ttf'), url('desktopweb/Montserrat-Bold.eot')","url('desktopweb/Montserrat-BoldItalic.ttf'), url('desktopweb/Montserrat-BoldItalic.eot')","url('desktopweb/Montserrat-ExtraBold.ttf'), url('desktopweb/Montserrat-ExtraBold.eot')","url('desktopweb/Montserrat-ExtraBoldItalic.ttf'), url('desktopweb/Montserrat-ExtraBoldItalic.eot')","url('desktopweb/Montserrat-ExtraLight.ttf'), url('desktopweb/Montserrat-ExtraLight.eot')","url('desktopweb/Montserrat-ExtraLightItalic.ttf'), url('desktopweb/Montserrat-ExtraLightItalic.eot')","url('desktopweb/Montserrat-Italic-VariableFont_wght.ttf'), url('desktopweb/Montserrat-Italic-VariableFont_wght.eot')","url('desktopweb/Montserrat-Italic.ttf'), url('desktopweb/Montserrat-Italic.eot')","url('desktopweb/Montserrat-Light.ttf'), url('desktopweb/Montserrat-Light.eot')","url('desktopweb/Montserrat-LightItalic.ttf'), url('desktopweb/Montserrat-LightItalic.eot')","url('desktopweb/Montserrat-Medium.ttf'), url('desktopweb/Montserrat-Medium.eot')","url('desktopweb/Montserrat-MediumItalic.ttf'), url('desktopweb/Montserrat-MediumItalic.eot')","url('desktopweb/Montserrat-Regular.ttf'), url('desktopweb/Montserrat-Regular.eot')","url('desktopweb/Montserrat-SemiBold.ttf'), url('desktopweb/Montserrat-SemiBold.eot')","url('desktopweb/Montserrat-SemiBoldItalic.ttf'), url('desktopweb/Montserrat-SemiBoldItalic.eot')","url('desktopweb/Montserrat-Thin.ttf'), url('desktopweb/Montserrat-Thin.eot')","url('desktopweb/Montserrat-ThinItalic.ttf'), url('desktopweb/Montserrat-ThinItalic.eot')","url('desktopweb/Montserrat-VariableFont_wght.ttf'), url('desktopweb/Montserrat-VariableFont_wght.eot')","url('desktopweb/Roboto-Bold.ttf'), url('desktopweb/Roboto-Bold.eot')","url('desktopweb/Roboto-Medium.ttf'), url('desktopweb/Roboto-Medium.eot')","url('desktopweb/Roboto-Regular.ttf'), url('desktopweb/Roboto-Regular.eot')"],"fontsObj":{"FontAwesome":"url('desktopweb/FontAwesome.ttf'), url('desktopweb/FontAwesome.eot')","Lato-Black":"url('desktopweb/Lato-Black.ttf'), url('desktopweb/Lato-Black.eot')","Lato-BlackItalic":"url('desktopweb/Lato-BlackItalic.ttf'), url('desktopweb/Lato-BlackItalic.eot')","Lato-Bold":"url('desktopweb/Lato-Bold.ttf'), url('desktopweb/Lato-Bold.eot')","Lato-BoldItalic":"url('desktopweb/Lato-BoldItalic.ttf'), url('desktopweb/Lato-BoldItalic.eot')","Lato-Hairline":"url('desktopweb/Lato-Hairline.ttf'), url('desktopweb/Lato-Hairline.eot')","Lato-HairlineItalic":"url('desktopweb/Lato-HairlineItalic.ttf'), url('desktopweb/Lato-HairlineItalic.eot')","Lato-Heavy":"url('desktopweb/Lato-Heavy.ttf'), url('desktopweb/Lato-Heavy.eot')","Lato-HeavyItalic":"url('desktopweb/Lato-HeavyItalic.ttf'), url('desktopweb/Lato-HeavyItalic.eot')","Lato-Italic":"url('desktopweb/Lato-Italic.ttf'), url('desktopweb/Lato-Italic.eot')","Lato-Light":"url('desktopweb/Lato-Light.ttf'), url('desktopweb/Lato-Light.eot')","Lato-LightItalic":"url('desktopweb/Lato-LightItalic.ttf'), url('desktopweb/Lato-LightItalic.eot')","Lato-Medium":"url('desktopweb/Lato-Medium.ttf'), url('desktopweb/Lato-Medium.eot')","Lato-MediumItalic":"url('desktopweb/Lato-MediumItalic.ttf'), url('desktopweb/Lato-MediumItalic.eot')","Lato-Regular":"url('desktopweb/Lato-Regular.ttf'), url('desktopweb/Lato-Regular.eot')","Lato-Semibold":"url('desktopweb/Lato-Semibold.ttf'), url('desktopweb/Lato-Semibold.eot')","Lato-SemiboldItalic":"url('desktopweb/Lato-SemiboldItalic.ttf'), url('desktopweb/Lato-SemiboldItalic.eot')","Lato-Thin":"url('desktopweb/Lato-Thin.ttf'), url('desktopweb/Lato-Thin.eot')","Lato-ThinItalic":"url('desktopweb/Lato-ThinItalic.ttf'), url('desktopweb/Lato-ThinItalic.eot')","Montserrat-Black":"url('desktopweb/Montserrat-Black.ttf'), url('desktopweb/Montserrat-Black.eot')","Montserrat-BlackItalic":"url('desktopweb/Montserrat-BlackItalic.ttf'), url('desktopweb/Montserrat-BlackItalic.eot')","Montserrat-Bold":"url('desktopweb/Montserrat-Bold.ttf'), url('desktopweb/Montserrat-Bold.eot')","Montserrat-BoldItalic":"url('desktopweb/Montserrat-BoldItalic.ttf'), url('desktopweb/Montserrat-BoldItalic.eot')","Montserrat-ExtraBold":"url('desktopweb/Montserrat-ExtraBold.ttf'), url('desktopweb/Montserrat-ExtraBold.eot')","Montserrat-ExtraBoldItalic":"url('desktopweb/Montserrat-ExtraBoldItalic.ttf'), url('desktopweb/Montserrat-ExtraBoldItalic.eot')","Montserrat-ExtraLight":"url('desktopweb/Montserrat-ExtraLight.ttf'), url('desktopweb/Montserrat-ExtraLight.eot')","Montserrat-ExtraLightItalic":"url('desktopweb/Montserrat-ExtraLightItalic.ttf'), url('desktopweb/Montserrat-ExtraLightItalic.eot')","Montserrat-Italic-VariableFont_wght":"url('desktopweb/Montserrat-Italic-VariableFont_wght.ttf'), url('desktopweb/Montserrat-Italic-VariableFont_wght.eot')","Montserrat-Italic":"url('desktopweb/Montserrat-Italic.ttf'), url('desktopweb/Montserrat-Italic.eot')","Montserrat-Light":"url('desktopweb/Montserrat-Light.ttf'), url('desktopweb/Montserrat-Light.eot')","Montserrat-LightItalic":"url('desktopweb/Montserrat-LightItalic.ttf'), url('desktopweb/Montserrat-LightItalic.eot')","Montserrat-Medium":"url('desktopweb/Montserrat-Medium.ttf'), url('desktopweb/Montserrat-Medium.eot')","Montserrat-MediumItalic":"url('desktopweb/Montserrat-MediumItalic.ttf'), url('desktopweb/Montserrat-MediumItalic.eot')","Montserrat-Regular":"url('desktopweb/Montserrat-Regular.ttf'), url('desktopweb/Montserrat-Regular.eot')","Montserrat-SemiBold":"url('desktopweb/Montserrat-SemiBold.ttf'), url('desktopweb/Montserrat-SemiBold.eot')","Montserrat-SemiBoldItalic":"url('desktopweb/Montserrat-SemiBoldItalic.ttf'), url('desktopweb/Montserrat-SemiBoldItalic.eot')","Montserrat-Thin":"url('desktopweb/Montserrat-Thin.ttf'), url('desktopweb/Montserrat-Thin.eot')","Montserrat-ThinItalic":"url('desktopweb/Montserrat-ThinItalic.ttf'), url('desktopweb/Montserrat-ThinItalic.eot')","Montserrat-VariableFont_wght":"url('desktopweb/Montserrat-VariableFont_wght.ttf'), url('desktopweb/Montserrat-VariableFont_wght.eot')","Roboto-Bold":"url('desktopweb/Roboto-Bold.ttf'), url('desktopweb/Roboto-Bold.eot')","Roboto-Medium":"url('desktopweb/Roboto-Medium.ttf'), url('desktopweb/Roboto-Medium.eot')","Roboto-Regular":"url('desktopweb/Roboto-Regular.ttf'), url('desktopweb/Roboto-Regular.eot')"},"style":"width: 100%; margin: 0px; padding: 0px;","bodyalign":"left","bodyAttrs":"style = \"width: 100%; margin: 0px; padding: 0px;\"  aria-busy=\"true\" aria-live=\"polite\" aria-relevant=\"additions\" aria-atomic=\"false\"","enablexfsdw":false,"enablexfs":"false","isDebug":"false","csslist":[],"jslist":[],"enableViewportZooming":false,"webcsslist":[],"webjslist":[],"webheadertags":[],"htmlAttrs":"","ieMetaTag":"<meta http-equiv=\"X-UA-Compatble\" content=\"IE=edge\">","headPageFileName":"278981787/desktopweb/head.html","bodyPageFileName":"278981787/desktopweb/body.html","baseTag":"<base href= \"/apps/EvaluationPortal/278981787/\" target = \"_blank\"/>","baseLocalTag":"<base href= \"./\" target = \"_blank\"/>"},"indexPage":{"headPageFileName":"278981787/desktopweb/head.html","bodyPageFileName":"278981787/desktopweb/body.html","baseTag":"<base href= \"/apps/EvaluationPortal/278981787/\" target = \"_blank\"/>","ieMetaTag":"<meta http-equiv=\"X-UA-Compatble\" content=\"IE=edge\">","htmlAttrs":"","bodyAttrs":"style = \"width: 100%; margin: 0px; padding: 0px;\"  aria-busy=\"true\" aria-live=\"polite\" aria-relevant=\"additions\" aria-atomic=\"false\""},"appconfig":{"buildoption":"debug","applocales":"en","spa":"desktopweb","appid":"EvaluationPortal","devicedblookup":"false","smsecure":"","cacheId":"278981787","cacheUrl":"EvaluationPortal/278981787"}}